_GENOME_ACCESSION_	_ANNOTATION_GFF3_	_ANNOTATION_PEP_	_REFSEQ_ANN_REPORT_URL_	assembly_name
GCA_000524195.1	https://ftp.ebi.ac.uk/pub/databases/wormbase/parasite/releases/WBPS19/species/echinococcus_granulosus/PRJNA182977/echinococcus_granulosus.PRJNA182977.WBPS19.annotations.gff3.gz	https://ftp.ebi.ac.uk/pub/databases/wormbase/parasite/releases/WBPS19/species/echinococcus_granulosus/PRJNA182977/echinococcus_granulosus.PRJNA182977.WBPS19.protein.fa.gz	https://ftp.ebi.ac.uk/pub/databases/wormbase/parasite/releases/WBPS19/species/echinococcus_granulosus/PRJNA182977	ASM52419v1
GCA_000699445.3	https://ftp.ebi.ac.uk/pub/databases/wormbase/parasite/releases/WBPS19/species/schistosoma_haematobium/PRJNA78265/schistosoma_haematobium.PRJNA78265.WBPS19.annotations.gff3.gz	https://ftp.ebi.ac.uk/pub/databases/wormbase/parasite/releases/WBPS19/species/schistosoma_haematobium/PRJNA78265/schistosoma_haematobium.PRJNA78265.WBPS19.protein.fa.gz	https://ftp.ebi.ac.uk/pub/databases/wormbase/parasite/releases/WBPS19/species/schistosoma_haematobium/PRJNA78265	UoM_Shae.V3
GCA_944474145.1	https://ftp.ebi.ac.uk/pub/databases/wormbase/parasite/releases/WBPS19/species/dicrocoelium_dendriticum/PRJEB44434/dicrocoelium_dendriticum.PRJEB44434.WBPS19.annotations.gff3.gz	https://ftp.ebi.ac.uk/pub/databases/wormbase/parasite/releases/WBPS19/species/dicrocoelium_dendriticum/PRJEB44434/dicrocoelium_dendriticum.PRJEB44434.WBPS19.protein.fa.gz	https://ftp.ebi.ac.uk/pub/databases/wormbase/parasite/releases/WBPS19/species/dicrocoelium_dendriticum/PRJEB44434	tdDicDend1.1
GCA_948099385.1	https://ftp.ebi.ac.uk/pub/databases/wormbase/parasite/releases/WBPS19/species/fasciola_hepatica/PRJEB58756/fasciola_hepatica.PRJEB58756.WBPS19.annotations.gff3.gz	https://ftp.ebi.ac.uk/pub/databases/wormbase/parasite/releases/WBPS19/species/fasciola_hepatica/PRJEB58756/fasciola_hepatica.PRJEB58756.WBPS19.protein.fa.gz	https://ftp.ebi.ac.uk/pub/databases/wormbase/parasite/releases/WBPS19/species/fasciola_hepatica/PRJEB58756	FhHiC23
GCA_944470545.1	https://ftp.ebi.ac.uk/pub/databases/wormbase/parasite/releases/WBPS19/species/heterobilharzia_americana/TD1_PRJEB44434/heterobilharzia_americana.TD1_PRJEB44434.WBPS19.annotations.gff3.gz	https://ftp.ebi.ac.uk/pub/databases/wormbase/parasite/releases/WBPS19/species/heterobilharzia_americana/TD1_PRJEB44434/heterobilharzia_americana.TD1_PRJEB44434.WBPS19.protein.fa.gz	https://ftp.ebi.ac.uk/pub/databases/wormbase/parasite/releases/WBPS19/species/heterobilharzia_americana/TD1_PRJEB44434	tdHetHame1.1
GCA_944470425.1	https://ftp.ebi.ac.uk/pub/databases/wormbase/parasite/releases/WBPS19/species/schistosoma_bovis/TD1_PRJEB44434/schistosoma_bovis.TD1_PRJEB44434.WBPS19.annotations.gff3.gz	https://ftp.ebi.ac.uk/pub/databases/wormbase/parasite/releases/WBPS19/species/schistosoma_bovis/TD1_PRJEB44434/schistosoma_bovis.TD1_PRJEB44434.WBPS19.protein.fa.gz	https://ftp.ebi.ac.uk/pub/databases/wormbase/parasite/releases/WBPS19/species/schistosoma_bovis/TD1_PRJEB44434	tdSchBovi1.1
GCA_944474815.1	https://ftp.ebi.ac.uk/pub/databases/wormbase/parasite/releases/WBPS19/species/schistosoma_curassoni/PRJEB44434/schistosoma_curassoni.PRJEB44434.WBPS19.annotations.gff3.gz	https://ftp.ebi.ac.uk/pub/databases/wormbase/parasite/releases/WBPS19/species/schistosoma_curassoni/PRJEB44434/schistosoma_curassoni.PRJEB44434.WBPS19.protein.fa.gz	https://ftp.ebi.ac.uk/pub/databases/wormbase/parasite/releases/WBPS19/species/schistosoma_curassoni/PRJEB44434	tdSchCurr1.1
GCA_944470375.1	https://ftp.ebi.ac.uk/pub/databases/wormbase/parasite/releases/WBPS19/species/schistosoma_guineensis/PRJEB44434/schistosoma_guineensis.PRJEB44434.WBPS19.annotations.gff3.gz	https://ftp.ebi.ac.uk/pub/databases/wormbase/parasite/releases/WBPS19/species/schistosoma_guineensis/PRJEB44434/schistosoma_guineensis.PRJEB44434.WBPS19.protein.fa.gz	https://ftp.ebi.ac.uk/pub/databases/wormbase/parasite/releases/WBPS19/species/schistosoma_guineensis/PRJEB44434	tdSchGuin1.1
GCA_944470455.1	https://ftp.ebi.ac.uk/pub/databases/wormbase/parasite/releases/WBPS19/species/schistosoma_haematobium/TD1_PRJEB44434/schistosoma_haematobium.TD1_PRJEB44434.WBPS19.annotations.gff3.gz	https://ftp.ebi.ac.uk/pub/databases/wormbase/parasite/releases/WBPS19/species/schistosoma_haematobium/TD1_PRJEB44434/schistosoma_haematobium.TD1_PRJEB44434.WBPS19.protein.fa.gz	https://ftp.ebi.ac.uk/pub/databases/wormbase/parasite/releases/WBPS19/species/schistosoma_haematobium/TD1_PRJEB44434	tdSchHaem1.1
GCA_944470365.1	https://ftp.ebi.ac.uk/pub/databases/wormbase/parasite/releases/WBPS19/species/schistosoma_intercalatum/TD1_PRJEB44434/schistosoma_intercalatum.TD1_PRJEB44434.WBPS19.annotations.gff3.gz	https://ftp.ebi.ac.uk/pub/databases/wormbase/parasite/releases/WBPS19/species/schistosoma_intercalatum/TD1_PRJEB44434/schistosoma_intercalatum.TD1_PRJEB44434.WBPS19.protein.fa.gz	https://ftp.ebi.ac.uk/pub/databases/wormbase/parasite/releases/WBPS19/species/schistosoma_intercalatum/TD1_PRJEB44434	tdSchInte1.1
GCA_944470205.1	https://ftp.ebi.ac.uk/pub/databases/wormbase/parasite/releases/WBPS19/species/schistosoma_margrebowiei/PRJEB44434/schistosoma_margrebowiei.PRJEB44434.WBPS19.annotations.gff3.gz	https://ftp.ebi.ac.uk/pub/databases/wormbase/parasite/releases/WBPS19/species/schistosoma_margrebowiei/PRJEB44434/schistosoma_margrebowiei.PRJEB44434.WBPS19.protein.fa.gz	https://ftp.ebi.ac.uk/pub/databases/wormbase/parasite/releases/WBPS19/species/schistosoma_margrebowiei/PRJEB44434	tdSchMarg1.1
GCA_944470405.1	https://ftp.ebi.ac.uk/pub/databases/wormbase/parasite/releases/WBPS19/species/schistosoma_mattheei/PRJEB44434/schistosoma_mattheei.PRJEB44434.WBPS19.annotations.gff3.gz	https://ftp.ebi.ac.uk/pub/databases/wormbase/parasite/releases/WBPS19/species/schistosoma_mattheei/PRJEB44434/schistosoma_mattheei.PRJEB44434.WBPS19.protein.fa.gz	https://ftp.ebi.ac.uk/pub/databases/wormbase/parasite/releases/WBPS19/species/schistosoma_mattheei/PRJEB44434	tdSchMatt1.1
GCA_944470415.1	https://ftp.ebi.ac.uk/pub/databases/wormbase/parasite/releases/WBPS19/species/schistosoma_rodhaini/TD1_PRJEB44434/schistosoma_rodhaini.TD1_PRJEB44434.WBPS19.annotations.gff3.gz	https://ftp.ebi.ac.uk/pub/databases/wormbase/parasite/releases/WBPS19/species/schistosoma_rodhaini/TD1_PRJEB44434/schistosoma_rodhaini.TD1_PRJEB44434.WBPS19.protein.fa.gz	https://ftp.ebi.ac.uk/pub/databases/wormbase/parasite/releases/WBPS19/species/schistosoma_rodhaini/TD1_PRJEB44434	tdSchRodh1.1
GCA_944472135.1	https://ftp.ebi.ac.uk/pub/databases/wormbase/parasite/releases/WBPS19/species/trichobilharzia_regenti/PRJEB44434/trichobilharzia_regenti.PRJEB44434.WBPS19.annotations.gff3.gz	https://ftp.ebi.ac.uk/pub/databases/wormbase/parasite/releases/WBPS19/species/trichobilharzia_regenti/PRJEB44434/trichobilharzia_regenti.PRJEB44434.WBPS19.protein.fa.gz	https://ftp.ebi.ac.uk/pub/databases/wormbase/parasite/releases/WBPS19/species/trichobilharzia_regenti/PRJEB44434	tdTriRege1.1
GCA_944472155.1	https://ftp.ebi.ac.uk/pub/databases/wormbase/parasite/releases/WBPS19/species/trichobilharzia_szidati/PRJEB44434/trichobilharzia_szidati.PRJEB44434.WBPS19.annotations.gff3.gz	https://ftp.ebi.ac.uk/pub/databases/wormbase/parasite/releases/WBPS19/species/trichobilharzia_szidati/PRJEB44434/trichobilharzia_szidati.PRJEB44434.WBPS19.protein.fa.gz	https://ftp.ebi.ac.uk/pub/databases/wormbase/parasite/releases/WBPS19/species/trichobilharzia_szidati/PRJEB44434	tdTriSzid1.1
GCA_900617975.1	https://ftp.ebi.ac.uk/pub/databases/wormbase/parasite/releases/WBPS19/species/hymenolepis_nana/PRJEB508/hymenolepis_nana.PRJEB508.WBPS19.annotations.gff3.gz	https://ftp.ebi.ac.uk/pub/databases/wormbase/parasite/releases/WBPS19/species/hymenolepis_nana/PRJEB508/hymenolepis_nana.PRJEB508.WBPS19.protein.fa.gz	https://ftp.ebi.ac.uk/pub/databases/wormbase/parasite/releases/WBPS19/species/hymenolepis_nana/PRJEB508	H_nana_Japan_0011_upd
GCA_944470555.1	https://ftp.ebi.ac.uk/pub/databases/wormbase/parasite/releases/WBPS19/species/heterobilharzia_americana/TD2_PRJEB44434/heterobilharzia_americana.TD2_PRJEB44434.WBPS19.annotations.gff3.gz	https://ftp.ebi.ac.uk/pub/databases/wormbase/parasite/releases/WBPS19/species/heterobilharzia_americana/TD2_PRJEB44434/heterobilharzia_americana.TD2_PRJEB44434.WBPS19.protein.fa.gz	https://ftp.ebi.ac.uk/pub/databases/wormbase/parasite/releases/WBPS19/species/heterobilharzia_americana/TD2_PRJEB44434	tdHetHame2.1
GCA_944470445.1	https://ftp.ebi.ac.uk/pub/databases/wormbase/parasite/releases/WBPS19/species/schistosoma_bovis/TD2_PRJEB44434/schistosoma_bovis.TD2_PRJEB44434.WBPS19.annotations.gff3.gz	https://ftp.ebi.ac.uk/pub/databases/wormbase/parasite/releases/WBPS19/species/schistosoma_bovis/TD2_PRJEB44434/schistosoma_bovis.TD2_PRJEB44434.WBPS19.protein.fa.gz	https://ftp.ebi.ac.uk/pub/databases/wormbase/parasite/releases/WBPS19/species/schistosoma_bovis/TD2_PRJEB44434	tdSchBovi2.1
GCA_944470465.1	https://ftp.ebi.ac.uk/pub/databases/wormbase/parasite/releases/WBPS19/species/schistosoma_haematobium/TD2_PRJEB44434/schistosoma_haematobium.TD2_PRJEB44434.WBPS19.annotations.gff3.gz	https://ftp.ebi.ac.uk/pub/databases/wormbase/parasite/releases/WBPS19/species/schistosoma_haematobium/TD2_PRJEB44434/schistosoma_haematobium.TD2_PRJEB44434.WBPS19.protein.fa.gz	https://ftp.ebi.ac.uk/pub/databases/wormbase/parasite/releases/WBPS19/species/schistosoma_haematobium/TD2_PRJEB44434	tdSchHaem2.1
GCA_944470385.1	https://ftp.ebi.ac.uk/pub/databases/wormbase/parasite/releases/WBPS19/species/schistosoma_intercalatum/TD2_PRJEB44434/schistosoma_intercalatum.TD2_PRJEB44434.WBPS19.annotations.gff3.gz	https://ftp.ebi.ac.uk/pub/databases/wormbase/parasite/releases/WBPS19/species/schistosoma_intercalatum/TD2_PRJEB44434/schistosoma_intercalatum.TD2_PRJEB44434.WBPS19.protein.fa.gz	https://ftp.ebi.ac.uk/pub/databases/wormbase/parasite/releases/WBPS19/species/schistosoma_intercalatum/TD2_PRJEB44434	tdSchInte2.1
GCA_944470435.1	https://ftp.ebi.ac.uk/pub/databases/wormbase/parasite/releases/WBPS19/species/schistosoma_rodhaini/TD2_PRJEB44434/schistosoma_rodhaini.TD2_PRJEB44434.WBPS19.annotations.gff3.gz	https://ftp.ebi.ac.uk/pub/databases/wormbase/parasite/releases/WBPS19/species/schistosoma_rodhaini/TD2_PRJEB44434/schistosoma_rodhaini.TD2_PRJEB44434.WBPS19.protein.fa.gz	https://ftp.ebi.ac.uk/pub/databases/wormbase/parasite/releases/WBPS19/species/schistosoma_rodhaini/TD2_PRJEB44434	tdSchRodh2.1
GCA_900536415.3	https://ftp.ebi.ac.uk/pub/databases/wormbase/parasite/releases/WBPS19/species/caenorhabditis_quiockensis/PRJEB11354/caenorhabditis_quiockensis.PRJEB11354.WBPS19.annotations.gff3.gz	https://ftp.ebi.ac.uk/pub/databases/wormbase/parasite/releases/WBPS19/species/caenorhabditis_quiockensis/PRJEB11354/caenorhabditis_quiockensis.PRJEB11354.WBPS19.protein.fa.gz	https://ftp.ebi.ac.uk/pub/databases/wormbase/parasite/releases/WBPS19/species/caenorhabditis_quiockensis/PRJEB11354	CQUIO_v1
GCA_900536325.3	https://ftp.ebi.ac.uk/pub/databases/wormbase/parasite/releases/WBPS19/species/caenorhabditis_sulstoni/PRJEB12601/caenorhabditis_sulstoni.PRJEB12601.WBPS19.annotations.gff3.gz	https://ftp.ebi.ac.uk/pub/databases/wormbase/parasite/releases/WBPS19/species/caenorhabditis_sulstoni/PRJEB12601/caenorhabditis_sulstoni.PRJEB12601.WBPS19.protein.fa.gz	https://ftp.ebi.ac.uk/pub/databases/wormbase/parasite/releases/WBPS19/species/caenorhabditis_sulstoni/PRJEB12601	CSULS_v1
GCA_900536305.3	https://ftp.ebi.ac.uk/pub/databases/wormbase/parasite/releases/WBPS19/species/caenorhabditis_tribulationis/PRJEB12608/caenorhabditis_tribulationis.PRJEB12608.WBPS19.annotations.gff3.gz	https://ftp.ebi.ac.uk/pub/databases/wormbase/parasite/releases/WBPS19/species/caenorhabditis_tribulationis/PRJEB12608/caenorhabditis_tribulationis.PRJEB12608.WBPS19.protein.fa.gz	https://ftp.ebi.ac.uk/pub/databases/wormbase/parasite/releases/WBPS19/species/caenorhabditis_tribulationis/PRJEB12608	CTRIB_v1
GCA_900536295.3	https://ftp.ebi.ac.uk/pub/databases/wormbase/parasite/releases/WBPS19/species/caenorhabditis_uteleia/PRJEB12600/caenorhabditis_uteleia.PRJEB12600.WBPS19.annotations.gff3.gz	https://ftp.ebi.ac.uk/pub/databases/wormbase/parasite/releases/WBPS19/species/caenorhabditis_uteleia/PRJEB12600/caenorhabditis_uteleia.PRJEB12600.WBPS19.protein.fa.gz	https://ftp.ebi.ac.uk/pub/databases/wormbase/parasite/releases/WBPS19/species/caenorhabditis_uteleia/PRJEB12600	CUTEL_v1
GCA_900536345.3	https://ftp.ebi.ac.uk/pub/databases/wormbase/parasite/releases/WBPS19/species/caenorhabditis_waitukubuli/PRJEB12602/caenorhabditis_waitukubuli.PRJEB12602.WBPS19.annotations.gff3.gz	https://ftp.ebi.ac.uk/pub/databases/wormbase/parasite/releases/WBPS19/species/caenorhabditis_waitukubuli/PRJEB12602/caenorhabditis_waitukubuli.PRJEB12602.WBPS19.protein.fa.gz	https://ftp.ebi.ac.uk/pub/databases/wormbase/parasite/releases/WBPS19/species/caenorhabditis_waitukubuli/PRJEB12602	CWAIT_v1
GCA_900536285.3	https://ftp.ebi.ac.uk/pub/databases/wormbase/parasite/releases/WBPS19/species/caenorhabditis_zanzibari/PRJEB12596/caenorhabditis_zanzibari.PRJEB12596.WBPS19.annotations.gff3.gz	https://ftp.ebi.ac.uk/pub/databases/wormbase/parasite/releases/WBPS19/species/caenorhabditis_zanzibari/PRJEB12596/caenorhabditis_zanzibari.PRJEB12596.WBPS19.protein.fa.gz	https://ftp.ebi.ac.uk/pub/databases/wormbase/parasite/releases/WBPS19/species/caenorhabditis_zanzibari/PRJEB12596	CZANZ_v1
GCA_902829315.1	https://ftp.ebi.ac.uk/pub/databases/wormbase/parasite/releases/WBPS19/species/caenorhabditis_bovis/PRJEB34497/caenorhabditis_bovis.PRJEB34497.WBPS19.annotations.gff3.gz	https://ftp.ebi.ac.uk/pub/databases/wormbase/parasite/releases/WBPS19/species/caenorhabditis_bovis/PRJEB34497/caenorhabditis_bovis.PRJEB34497.WBPS19.protein.fa.gz	https://ftp.ebi.ac.uk/pub/databases/wormbase/parasite/releases/WBPS19/species/caenorhabditis_bovis/PRJEB34497	CBOVIS_v1.1
GCA_900625125.1	https://ftp.ebi.ac.uk/pub/databases/wormbase/parasite/releases/WBPS19/species/dracunculus_medinensis/PRJEB500/dracunculus_medinensis.PRJEB500.WBPS19.annotations.gff3.gz	https://ftp.ebi.ac.uk/pub/databases/wormbase/parasite/releases/WBPS19/species/dracunculus_medinensis/PRJEB500/dracunculus_medinensis.PRJEB500.WBPS19.protein.fa.gz	https://ftp.ebi.ac.uk/pub/databases/wormbase/parasite/releases/WBPS19/species/dracunculus_medinensis/PRJEB500	D_medinensis_Ghana_0011_upd
GCA_900184235.1	https://ftp.ebi.ac.uk/pub/databases/wormbase/parasite/releases/WBPS19/species/oscheius_tipulae/PRJEB15512/oscheius_tipulae.PRJEB15512.WBPS19.annotations.gff3.gz	https://ftp.ebi.ac.uk/pub/databases/wormbase/parasite/releases/WBPS19/species/oscheius_tipulae/PRJEB15512/oscheius_tipulae.PRJEB15512.WBPS19.protein.fa.gz	https://ftp.ebi.ac.uk/pub/databases/wormbase/parasite/releases/WBPS19/species/oscheius_tipulae/PRJEB15512	Oscheius tipulae assembly v2
GCA_000757645.3	https://ftp.ebi.ac.uk/pub/databases/wormbase/parasite/releases/WBPS19/species/steinernema_carpocapsae/PRJNA202318/steinernema_carpocapsae.PRJNA202318.WBPS19.annotations.gff3.gz	https://ftp.ebi.ac.uk/pub/databases/wormbase/parasite/releases/WBPS19/species/steinernema_carpocapsae/PRJNA202318/steinernema_carpocapsae.PRJNA202318.WBPS19.protein.fa.gz	https://ftp.ebi.ac.uk/pub/databases/wormbase/parasite/releases/WBPS19/species/steinernema_carpocapsae/PRJNA202318	ASM75764v3
GCA_000936265.1	https://ftp.ebi.ac.uk/pub/databases/wormbase/parasite/releases/WBPS19/species/strongyloides_papillosus/PRJEB525/strongyloides_papillosus.PRJEB525.WBPS19.annotations.gff3.gz	https://ftp.ebi.ac.uk/pub/databases/wormbase/parasite/releases/WBPS19/species/strongyloides_papillosus/PRJEB525/strongyloides_papillosus.PRJEB525.WBPS19.protein.fa.gz	https://ftp.ebi.ac.uk/pub/databases/wormbase/parasite/releases/WBPS19/species/strongyloides_papillosus/PRJEB525	S_papillosus_LIN
GCA_000612645.2	https://ftp.ebi.ac.uk/pub/databases/wormbase/parasite/releases/WBPS19/species/trichuris_muris/PRJEB126/trichuris_muris.PRJEB126.WBPS19.annotations.gff3.gz	https://ftp.ebi.ac.uk/pub/databases/wormbase/parasite/releases/WBPS19/species/trichuris_muris/PRJEB126/trichuris_muris.PRJEB126.WBPS19.protein.fa.gz	https://ftp.ebi.ac.uk/pub/databases/wormbase/parasite/releases/WBPS19/species/trichuris_muris/PRJEB126	T_muris_v2
GCA_010183535.1	https://ftp.ebi.ac.uk/pub/databases/wormbase/parasite/releases/WBPS19/species/caenorhabditis_remanei/PRJNA577507/caenorhabditis_remanei.PRJNA577507.WBPS19.annotations.gff3.gz	https://ftp.ebi.ac.uk/pub/databases/wormbase/parasite/releases/WBPS19/species/caenorhabditis_remanei/PRJNA577507/caenorhabditis_remanei.PRJNA577507.WBPS19.protein.fa.gz	https://ftp.ebi.ac.uk/pub/databases/wormbase/parasite/releases/WBPS19/species/caenorhabditis_remanei/PRJNA577507	CRPX506
GCA_031761385.1	https://ftp.ebi.ac.uk/pub/databases/wormbase/parasite/releases/WBPS19/species/necator_americanus/PRJNA1007425/necator_americanus.PRJNA1007425.WBPS19.annotations.gff3.gz	https://ftp.ebi.ac.uk/pub/databases/wormbase/parasite/releases/WBPS19/species/necator_americanus/PRJNA1007425/necator_americanus.PRJNA1007425.WBPS19.protein.fa.gz	https://ftp.ebi.ac.uk/pub/databases/wormbase/parasite/releases/WBPS19/species/necator_americanus/PRJNA1007425	Nec_am_Ar_1.0
